{"a": [0.08921539557081815, 0.08921539557087499], "b": [0.08921539557087499, 0.08921539557093183], "c": [0.08921539557093183, 0.08921539557098868], "d": [0.08921539557098868, 0.08921539557104552]}