{"a": [0.2763671875, 0.276611328125], "b": [0.276611328125, 0.27685546875], "c": [0.27685546875, 0.277099609375], "d": [0.277099609375, 0.27734375]}